layer,nvtx,cell,x,y,z
1,10,0,19.5622,1593.99,4363.89
1,10,0,-19.5622,1593.99,4363.89
1,10,0,18.4073,1499.89,4361.68
1,10,0,-18.4073,1499.89,4361.68
1,10,0,19.5622,1593.99,4326.67
1,10,0,0.269403,1593.99,4326.67
1,10,0,-19.5622,1593.99,4326.67
1,10,0,18.4073,1499.89,4326.67
1,10,0,0.269403,1499.89,4326.67
1,10,0,-18.4073,1499.89,4326.67
1,10,1,19.5619,1593.97,4401.27
1,10,1,-19.5619,1593.97,4401.27
1,10,1,18.4073,1499.89,4396.86
1,10,1,-18.4073,1499.89,4396.86
1,10,1,19.5619,1593.97,4364.03
1,10,1,0.270562,1593.97,4364.03
1,10,1,-19.5619,1593.97,4364.03
1,10,1,18.4073,1499.89,4361.82
1,10,1,0.270562,1499.89,4361.82
1,10,1,-18.4073,1499.89,4361.82
1,10,2,19.5609,1593.89,4438.69
1,10,2,-19.5609,1593.89,4438.69
1,10,2,18.4073,1499.89,4432.07
1,10,2,-18.4073,1499.89,4432.07
1,10,2,19.5609,1593.89,4401.4
1,10,2,0.271721,1593.89,4401.4
1,10,2,-19.5609,1593.89,4401.4
1,10,2,18.4073,1499.89,4397
1,10,2,0.271721,1499.89,4397
1,10,2,-18.4073,1499.89,4397
1,10,3,19.5594,1593.76,4476.16
1,10,3,-19.5594,1593.76,4476.16
1,10,3,18.4073,1499.89,4467.34
1,10,3,-18.4073,1499.89,4467.34
1,10,3,19.5594,1593.76,4438.81
1,10,3,0.272883,1593.76,4438.81
1,10,3,-19.5594,1593.76,4438.81
1,10,3,18.4073,1499.89,4432.21
1,10,3,0.272883,1499.89,4432.21
1,10,3,-18.4073,1499.89,4432.21
1,10,4,19.5571,1593.58,4513.7
1,10,4,-19.5571,1593.58,4513.7
1,10,4,18.4073,1499.89,4502.69
1,10,4,-18.4073,1499.89,4502.69
1,10,4,19.5571,1593.58,4476.27
1,10,4,0.274047,1593.58,4476.27
1,10,4,-19.5571,1593.58,4476.27
1,10,4,18.4073,1499.89,4467.48
1,10,4,0.274047,1499.89,4467.48
1,10,4,-18.4073,1499.89,4467.48
1,10,5,19.5543,1593.35,4551.33
1,10,5,-19.5543,1593.35,4551.33
1,10,5,18.4073,1499.89,4538.14
1,10,5,-18.4073,1499.89,4538.14
1,10,5,19.5543,1593.35,4513.8
1,10,5,0.275213,1593.35,4513.8
1,10,5,-19.5543,1593.35,4513.8
1,10,5,18.4073,1499.89,4502.82
1,10,5,0.275213,1499.89,4502.82
1,10,5,-18.4073,1499.89,4502.82
1,10,6,19.5509,1593.07,4589.06
1,10,6,-19.5509,1593.07,4589.06
1,10,6,18.4073,1499.89,4573.7
1,10,6,-18.4073,1499.89,4573.7
1,10,6,19.5509,1593.07,4551.41
1,10,6,0.276383,1593.07,4551.41
1,10,6,-19.5509,1593.07,4551.41
1,10,6,18.4073,1499.89,4538.26
1,10,6,0.276383,1499.89,4538.26
1,10,6,-18.4073,1499.89,4538.26
1,10,7,19.5468,1592.74,4626.92
1,10,7,-19.5468,1592.74,4626.92
1,10,7,18.4073,1499.89,4609.4
1,10,7,-18.4073,1499.89,4609.4
1,10,7,19.5468,1592.74,4589.12
1,10,7,0.277557,1592.74,4589.12
1,10,7,-19.5468,1592.74,4589.12
1,10,7,18.4073,1499.89,4573.82
1,10,7,0.277557,1499.89,4573.82
1,10,7,-18.4073,1499.89,4573.82
1,10,8,19.5422,1592.36,4664.91
1,10,8,-19.5422,1592.36,4664.91
1,10,8,18.4073,1499.89,4645.26
1,10,8,-18.4073,1499.89,4645.26
1,10,8,19.5422,1592.36,4626.96
1,10,8,0.278734,1592.36,4626.96
1,10,8,-19.5422,1592.36,4626.96
1,10,8,18.4073,1499.89,4609.52
1,10,8,0.278734,1499.89,4609.52
1,10,8,-18.4073,1499.89,4609.52
1,10,9,19.537,1591.94,4703.06
1,10,9,-19.537,1591.94,4703.06
1,10,9,18.4073,1499.89,4681.29
1,10,9,-18.4073,1499.89,4681.29
1,10,9,19.537,1591.94,4664.93
1,10,9,0.279917,1591.94,4664.93
1,10,9,-19.537,1591.94,4664.93
1,10,9,18.4073,1499.89,4645.37
1,10,9,0.279917,1499.89,4645.37
1,10,9,-18.4073,1499.89,4645.37
1,10,10,19.5312,1591.47,4741.38
1,10,10,-19.5312,1591.47,4741.38
1,10,10,18.4073,1499.89,4717.51
1,10,10,-18.4073,1499.89,4717.51
1,10,10,19.5312,1591.47,4703.05
1,10,10,0.281105,1591.47,4703.05
1,10,10,-19.5312,1591.47,4703.05
1,10,10,18.4073,1499.89,4681.39
1,10,10,0.281105,1499.89,4681.39
1,10,10,-18.4073,1499.89,4681.39
1,10,11,19.5249,1590.95,4779.9
1,10,11,-19.5249,1590.95,4779.9
1,10,11,18.4073,1499.89,4753.95
1,10,11,-18.4073,1499.89,4753.95
1,10,11,19.5249,1590.95,4741.35
1,10,11,0.282299,1590.95,4741.35
1,10,11,-19.5249,1590.95,4741.35
1,10,11,18.4073,1499.89,4717.61
1,10,11,0.282299,1499.89,4717.61
1,10,11,-18.4073,1499.89,4717.61
1,10,12,19.518,1590.39,4818.63
1,10,12,-19.518,1590.39,4818.63
1,10,12,18.4073,1499.89,4790.62
1,10,12,-18.4073,1499.89,4790.62
1,10,12,19.518,1590.39,4779.84
1,10,12,0.2835,1590.39,4779.84
1,10,12,-19.518,1590.39,4779.84
1,10,12,18.4073,1499.89,4754.05
1,10,12,0.2835,1499.89,4754.05
1,10,12,-18.4073,1499.89,4754.05
1,10,13,19.5106,1589.79,4857.58
1,10,13,-19.5106,1589.79,4857.58
1,10,13,18.4073,1499.89,4827.55
1,10,13,-18.4073,1499.89,4827.55
1,10,13,19.5106,1589.79,4818.53
1,10,13,0.284707,1589.79,4818.53
1,10,13,-19.5106,1589.79,4818.53
1,10,13,18.4073,1499.89,4790.71
1,10,13,0.284707,1499.89,4790.71
1,10,13,-18.4073,1499.89,4790.71
1,10,14,19.5027,1589.14,4896.79
1,10,14,-19.5027,1589.14,4896.79
1,10,14,18.4073,1499.89,4864.76
1,10,14,-18.4073,1499.89,4864.76
1,10,14,19.5027,1589.14,4857.45
1,10,14,0.285923,1589.14,4857.45
1,10,14,-19.5027,1589.14,4857.45
1,10,14,18.4073,1499.89,4827.64
1,10,14,0.285923,1499.89,4827.64
1,10,14,-18.4073,1499.89,4827.64
1,10,15,19.4943,1588.46,4936.26
1,10,15,-19.4943,1588.46,4936.26
1,10,15,18.4073,1499.89,4902.26
1,10,15,-18.4073,1499.89,4902.26
1,10,15,19.4943,1588.46,4896.62
1,10,15,0.287146,1588.46,4896.62
1,10,15,-19.4943,1588.46,4896.62
1,10,15,18.4073,1499.89,4864.84
1,10,15,0.287146,1499.89,4864.84
1,10,15,-18.4073,1499.89,4864.84
1,10,16,19.4855,1587.74,4976.01
1,10,16,-19.4855,1587.74,4976.01
1,10,16,18.4073,1499.89,4940.07
1,10,16,-18.4073,1499.89,4940.07
1,10,16,19.4855,1587.74,4936.06
1,10,16,0.288379,1587.74,4936.06
1,10,16,-19.4855,1587.74,4936.06
1,10,16,18.4073,1499.89,4902.33
1,10,16,0.288379,1499.89,4902.33
1,10,16,-18.4073,1499.89,4902.33
1,10,17,19.4762,1586.99,5016.07
1,10,17,-19.4762,1586.99,5016.07
1,10,17,18.4073,1499.89,4978.23
1,10,17,-18.4073,1499.89,4978.23
1,10,17,19.4762,1586.99,4975.77
1,10,17,0.28962,1586.99,4975.77
1,10,17,-19.4762,1586.99,4975.77
1,10,17,18.4073,1499.89,4940.14
1,10,17,0.28962,1499.89,4940.14
1,10,17,-18.4073,1499.89,4940.14
1,10,18,19.4665,1586.2,5056.45
1,10,18,-19.4665,1586.2,5056.45
1,10,18,18.4073,1499.89,5016.74
1,10,18,-18.4073,1499.89,5016.74
1,10,18,19.4665,1586.2,5015.79
1,10,18,0.290872,1586.2,5015.79
1,10,18,-19.4665,1586.2,5015.79
1,10,18,18.4073,1499.89,4978.29
1,10,18,0.290872,1499.89,4978.29
1,10,18,-18.4073,1499.89,4978.29
1,10,19,19.4565,1585.37,5097.18
1,10,19,-19.4565,1585.37,5097.18
1,10,19,18.4073,1499.89,5055.63
1,10,19,-18.4073,1499.89,5055.63
1,10,19,19.4565,1585.37,5056.14
1,10,19,0.292135,1585.37,5056.14
1,10,19,-19.4565,1585.37,5056.14
1,10,19,18.4073,1499.89,5016.8
1,10,19,0.292135,1499.89,5016.8
1,10,19,-18.4073,1499.89,5016.8
1,10,20,19.446,1584.52,5138.28
1,10,20,-19.446,1584.52,5138.28
1,10,20,18.4073,1499.89,5094.92
1,10,20,-18.4073,1499.89,5094.92
1,10,20,19.446,1584.52,5096.82
1,10,20,0.293409,1584.52,5096.82
1,10,20,-19.446,1584.52,5096.82
1,10,20,18.4073,1499.89,5055.68
1,10,20,0.293409,1499.89,5055.68
1,10,20,-18.4073,1499.89,5055.68
1,10,21,19.4352,1583.64,5179.76
1,10,21,-19.4352,1583.64,5179.76
1,10,21,18.4073,1499.89,5134.63
1,10,21,-18.4073,1499.89,5134.63
1,10,21,19.4352,1583.64,5137.87
1,10,21,0.294695,1583.64,5137.87
1,10,21,-19.4352,1583.64,5137.87
1,10,21,18.4073,1499.89,5094.97
1,10,21,0.294695,1499.89,5094.97
1,10,21,-18.4073,1499.89,5094.97
1,10,22,19.424,1582.73,5221.64
1,10,22,-19.424,1582.73,5221.64
1,10,22,18.4073,1499.89,5174.79
1,10,22,-18.4073,1499.89,5174.79
1,10,22,19.424,1582.73,5179.31
1,10,22,0.295993,1582.73,5179.31
1,10,22,-19.424,1582.73,5179.31
1,10,22,18.4073,1499.89,5134.67
1,10,22,0.295993,1499.89,5134.67
1,10,22,-18.4073,1499.89,5134.67
1,10,23,19.4126,1581.8,5263.95
1,10,23,-19.4126,1581.8,5263.95
1,10,23,18.4073,1499.89,5215.41
1,10,23,-18.4073,1499.89,5215.41
1,10,23,19.4126,1581.8,5221.15
1,10,23,0.297305,1581.8,5221.15
1,10,23,-19.4126,1581.8,5221.15
1,10,23,18.4073,1499.89,5174.83
1,10,23,0.297305,1499.89,5174.83
1,10,23,-18.4073,1499.89,5174.83
1,10,24,19.4008,1580.84,5306.72
1,10,24,-19.4008,1580.84,5306.72
1,10,24,18.4073,1499.89,5256.52
1,10,24,-18.4073,1499.89,5256.52
1,10,24,19.4008,1580.84,5263.42
1,10,24,0.29863,1580.84,5263.42
1,10,24,-19.4008,1580.84,5263.42
1,10,24,18.4073,1499.89,5215.44
1,10,24,0.29863,1499.89,5215.44
1,10,24,-18.4073,1499.89,5215.44
1,10,25,19.3888,1579.87,5349.95
1,10,25,-19.3888,1579.87,5349.95
1,10,25,18.4073,1499.89,5298.14
1,10,25,-18.4073,1499.89,5298.14
1,10,25,19.3888,1579.87,5306.14
1,10,25,0.299971,1579.87,5306.14
1,10,25,-19.3888,1579.87,5306.14
1,10,25,18.4073,1499.89,5256.55
1,10,25,0.299971,1499.89,5256.55
1,10,25,-18.4073,1499.89,5256.55
1,10,26,19.3766,1578.87,5393.68
1,10,26,-19.3766,1578.87,5393.68
1,10,26,18.4073,1499.89,5340.3
1,10,26,-18.4073,1499.89,5340.3
1,10,26,19.3766,1578.87,5349.33
1,10,26,0.301326,1578.87,5349.33
1,10,26,-19.3766,1578.87,5349.33
1,10,26,18.4073,1499.89,5298.16
1,10,26,0.301326,1499.89,5298.16
1,10,26,-18.4073,1499.89,5298.16
1,10,27,19.3641,1577.85,5437.93
1,10,27,-19.3641,1577.85,5437.93
1,10,27,18.4073,1499.89,5383.01
1,10,27,-18.4073,1499.89,5383.01
1,10,27,19.3641,1577.85,5393.01
1,10,27,0.302698,1577.85,5393.01
1,10,27,-19.3641,1577.85,5393.01
1,10,27,18.4073,1499.89,5340.31
1,10,27,0.302698,1499.89,5340.31
1,10,27,-18.4073,1499.89,5340.31
1,10,28,19.3515,1576.82,5482.72
1,10,28,-19.3515,1576.82,5482.72
1,10,28,18.4073,1499.89,5426.3
1,10,28,-18.4073,1499.89,5426.3
1,10,28,19.3515,1576.82,5437.21
1,10,28,0.304086,1576.82,5437.21
1,10,28,-19.3515,1576.82,5437.21
1,10,28,18.4073,1499.89,5383.02
1,10,28,0.304086,1499.89,5383.02
1,10,28,-18.4073,1499.89,5383.02
1,10,29,19.3387,1575.78,5528.07
1,10,29,-19.3387,1575.78,5528.07
1,10,29,18.4073,1499.89,5470.2
1,10,29,-18.4073,1499.89,5470.2
1,10,29,19.3387,1575.78,5481.95
1,10,29,0.305492,1575.78,5481.95
1,10,29,-19.3387,1575.78,5481.95
1,10,29,18.4073,1499.89,5426.31
1,10,29,0.305492,1499.89,5426.31
1,10,29,-18.4073,1499.89,5426.31
1,10,30,19.3257,1574.72,5574.01
1,10,30,-19.3257,1574.72,5574.01
1,10,30,18.4073,1499.89,5514.73
1,10,30,-18.4073,1499.89,5514.73
1,10,30,19.3257,1574.72,5527.26
1,10,30,0.306917,1574.72,5527.26
1,10,30,-19.3257,1574.72,5527.26
1,10,30,18.4073,1499.89,5470.2
1,10,30,0.306917,1499.89,5470.2
1,10,30,-18.4073,1499.89,5470.2
1,10,31,19.3126,1573.65,5620.56
1,10,31,-19.3126,1573.65,5620.56
1,10,31,18.4073,1499.89,5559.91
1,10,31,-18.4073,1499.89,5559.91
1,10,31,19.3126,1573.65,5573.15
1,10,31,0.30836,1573.65,5573.15
1,10,31,-19.3126,1573.65,5573.15
1,10,31,18.4073,1499.89,5514.72
1,10,31,0.30836,1499.89,5514.72
1,10,31,-18.4073,1499.89,5514.72
1,10,32,19.2993,1572.57,5667.75
1,10,32,-19.2993,1572.57,5667.75
1,10,32,18.4073,1499.89,5605.76
1,10,32,-18.4073,1499.89,5605.76
1,10,32,19.2993,1572.57,5619.66
1,10,32,0.309823,1572.57,5619.66
1,10,32,-19.2993,1572.57,5619.66
1,10,32,18.4073,1499.89,5559.89
1,10,32,0.309823,1499.89,5559.89
1,10,32,-18.4073,1499.89,5559.89
1,10,33,19.286,1571.49,5715.61
1,10,33,-19.286,1571.49,5715.61
1,10,33,18.4073,1499.89,5652.32
1,10,33,-18.4073,1499.89,5652.32
1,10,33,19.286,1571.49,5666.8
1,10,33,0.311306,1571.49,5666.8
1,10,33,-19.286,1571.49,5666.8
1,10,33,18.4073,1499.89,5605.74
1,10,33,0.311306,1499.89,5605.74
1,10,33,-18.4073,1499.89,5605.74
1,10,34,19.2726,1570.4,5764.15
1,10,34,-19.2726,1570.4,5764.15
1,10,34,18.4073,1499.89,5699.61
1,10,34,-18.4073,1499.89,5699.61
1,10,34,19.2726,1570.4,5714.61
1,10,34,0.312811,1570.4,5714.61
1,10,34,-19.2726,1570.4,5714.61
1,10,34,18.4073,1499.89,5652.29
1,10,34,0.312811,1499.89,5652.29
1,10,34,-18.4073,1499.89,5652.29
1,10,35,19.2592,1569.3,5813.41
1,10,35,-19.2592,1569.3,5813.41
1,10,35,18.4073,1499.89,5747.65
1,10,35,-18.4073,1499.89,5747.65
1,10,35,19.2592,1569.3,5763.11
1,10,35,0.314338,1569.3,5763.11
1,10,35,-19.2592,1569.3,5763.11
1,10,35,18.4073,1499.89,5699.57
1,10,35,0.314338,1499.89,5699.57
1,10,35,-18.4073,1499.89,5699.57
1,10,36,19.2457,1568.2,5863.42
1,10,36,-19.2457,1568.2,5863.42
1,10,36,18.4073,1499.89,5796.47
1,10,36,-18.4073,1499.89,5796.47
1,10,36,19.2457,1568.2,5812.32
1,10,36,0.315888,1568.2,5812.32
1,10,36,-19.2457,1568.2,5812.32
1,10,36,18.4073,1499.89,5747.6
1,10,36,0.315888,1499.89,5747.6
1,10,36,-18.4073,1499.89,5747.6
1,10,37,19.2321,1567.1,5914.19
1,10,37,-19.2321,1567.1,5914.19
1,10,37,18.4073,1499.89,5846.1
1,10,37,-18.4073,1499.89,5846.1
1,10,37,19.2321,1567.1,5862.28
1,10,37,0.317462,1567.1,5862.28
1,10,37,-19.2321,1567.1,5862.28
1,10,37,18.4073,1499.89,5796.41
1,10,37,0.317462,1499.89,5796.41
1,10,37,-18.4073,1499.89,5796.41
1,10,38,19.2186,1565.99,5965.76
1,10,38,-19.2186,1565.99,5965.76
1,10,38,18.4073,1499.89,5896.56
1,10,38,-18.4073,1499.89,5896.56
1,10,38,19.2186,1565.99,5913.01
1,10,38,0.319061,1565.99,5913.01
1,10,38,-19.2186,1565.99,5913.01
1,10,38,18.4073,1499.89,5846.03
1,10,38,0.319061,1499.89,5846.03
1,10,38,-18.4073,1499.89,5846.03
1,10,39,19.2051,1564.89,6018.16
1,10,39,-19.2051,1564.89,6018.16
1,10,39,18.4073,1499.89,5947.89
1,10,39,-18.4073,1499.89,5947.89
1,10,39,19.2051,1564.89,5964.53
1,10,39,0.320685,1564.89,5964.53
1,10,39,-19.2051,1564.89,5964.53
1,10,39,18.4073,1499.89,5896.49
1,10,39,0.320685,1499.89,5896.49
1,10,39,-18.4073,1499.89,5896.49
1,10,40,19.1916,1563.79,6071.41
1,10,40,-19.1916,1563.79,6071.41
1,10,40,18.4073,1499.89,6000.11
1,10,40,-18.4073,1499.89,6000.11
1,10,40,19.1916,1563.79,6016.89
1,10,40,0.322336,1563.79,6016.89
1,10,40,-19.1916,1563.79,6016.89
1,10,40,18.4073,1499.89,5947.81
1,10,40,0.322336,1499.89,5947.81
1,10,40,-18.4073,1499.89,5947.81
1,10,41,19.1781,1562.69,6125.55
1,10,41,-19.1781,1562.69,6125.55
1,10,41,18.4073,1499.89,6053.24
1,10,41,-18.4073,1499.89,6053.24
1,10,41,19.1781,1562.69,6070.1
1,10,41,0.324014,1562.69,6070.1
1,10,41,-19.1781,1562.69,6070.1
1,10,41,18.4073,1499.89,6000.02
1,10,41,0.324014,1499.89,6000.02
1,10,41,-18.4073,1499.89,6000.02
1,10,42,19.1647,1561.6,6180.6
1,10,42,-19.1647,1561.6,6180.6
1,10,42,18.4073,1499.89,6107.33
1,10,42,-18.4073,1499.89,6107.33
1,10,42,19.1647,1561.6,6124.19
1,10,42,0.325721,1561.6,6124.19
1,10,42,-19.1647,1561.6,6124.19
1,10,42,18.4073,1499.89,6053.14
1,10,42,0.325721,1499.89,6053.14
1,10,42,-18.4073,1499.89,6053.14
1,10,43,19.1513,1560.51,6236.59
1,10,43,-19.1513,1560.51,6236.59
1,10,43,18.4073,1499.89,6162.39
1,10,43,-18.4073,1499.89,6162.39
1,10,43,19.1513,1560.51,6179.2
1,10,43,0.327457,1560.51,6179.2
1,10,43,-19.1513,1560.51,6179.2
1,10,43,18.4073,1499.89,6107.22
1,10,43,0.327457,1499.89,6107.22
1,10,43,-18.4073,1499.89,6107.22
1,10,44,19.138,1559.43,6293.56
1,10,44,-19.138,1559.43,6293.56
1,10,44,18.4073,1499.89,6218.46
1,10,44,-18.4073,1499.89,6218.46
1,10,44,19.138,1559.43,6235.15
1,10,44,0.329223,1559.43,6235.15
1,10,44,-19.138,1559.43,6235.15
1,10,44,18.4073,1499.89,6162.27
1,10,44,0.329223,1499.89,6162.27
1,10,44,-18.4073,1499.89,6162.27
1,10,45,19.1248,1558.35,6351.54
1,10,45,-19.1248,1558.35,6351.54
1,10,45,18.4073,1499.89,6275.57
1,10,45,-18.4073,1499.89,6275.57
1,10,45,19.1248,1558.35,6292.08
1,10,45,0.33102,1558.35,6292.08
1,10,45,-19.1248,1558.35,6292.08
1,10,45,18.4073,1499.89,6218.34
1,10,45,0.33102,1499.89,6218.34
1,10,45,-18.4073,1499.89,6218.34
1,10,46,19.1116,1557.28,6410.56
1,10,46,-19.1116,1557.28,6410.56
1,10,46,18.4073,1499.89,6333.76
1,10,46,-18.4073,1499.89,6333.76
1,10,46,19.1116,1557.28,6350.01
1,10,46,0.33285,1557.28,6350.01
1,10,46,-19.1116,1557.28,6350.01
1,10,46,18.4073,1499.89,6275.44
1,10,46,0.33285,1499.89,6275.44
1,10,46,-18.4073,1499.89,6275.44
1,10,47,19.0986,1556.22,6470.65
1,10,47,-19.0986,1556.22,6470.65
1,10,47,18.4073,1499.89,6393.04
1,10,47,-18.4073,1499.89,6393.04
1,10,47,19.0986,1556.22,6408.99
1,10,47,0.334712,1556.22,6408.99
1,10,47,-19.0986,1556.22,6408.99
1,10,47,18.4073,1499.89,6333.61
1,10,47,0.334712,1499.89,6333.61
1,10,47,-18.4073,1499.89,6333.61
1,10,48,19.0857,1555.16,6531.85
1,10,48,-19.0857,1555.16,6531.85
1,10,48,18.4073,1499.89,6453.46
1,10,48,-18.4073,1499.89,6453.46
1,10,48,19.0857,1555.16,6469.04
1,10,48,0.336609,1555.16,6469.04
1,10,48,-19.0857,1555.16,6469.04
1,10,48,18.4073,1499.89,6392.88
1,10,48,0.336609,1499.89,6392.88
1,10,48,-18.4073,1499.89,6392.88
1,10,49,19.0729,1554.12,6594.18
1,10,49,-19.0729,1554.12,6594.18
1,10,49,18.4073,1499.89,6515.05
1,10,49,-18.4073,1499.89,6515.05
1,10,49,19.0729,1554.12,6530.2
1,10,49,0.338542,1554.12,6530.2
1,10,49,-19.0729,1554.12,6530.2
1,10,49,18.4073,1499.89,6453.29
1,10,49,0.338542,1499.89,6453.29
1,10,49,-18.4073,1499.89,6453.29
1,10,50,19.0602,1553.09,6657.69
1,10,50,-19.0602,1553.09,6657.69
1,10,50,18.4073,1499.89,6577.84
1,10,50,-18.4073,1499.89,6577.84
1,10,50,19.0602,1553.09,6592.49
1,10,50,0.340511,1553.09,6592.49
1,10,50,-19.0602,1553.09,6592.49
1,10,50,18.4073,1499.89,6514.87
1,10,50,0.340511,1499.89,6514.87
1,10,50,-18.4073,1499.89,6514.87
1,10,51,19.0476,1552.06,6722.41
1,10,51,-19.0476,1552.06,6722.41
1,10,51,18.4073,1499.89,6641.87
1,10,51,-18.4073,1499.89,6641.87
1,10,51,19.0476,1552.06,6655.96
1,10,51,0.342517,1552.06,6655.96
1,10,51,-19.0476,1552.06,6655.96
1,10,51,18.4073,1499.89,6577.65
1,10,51,0.342517,1499.89,6577.65
1,10,51,-18.4073,1499.89,6577.65
1,10,52,19.0352,1551.05,6788.37
1,10,52,-19.0352,1551.05,6788.37
1,10,52,18.4073,1499.89,6707.17
1,10,52,-18.4073,1499.89,6707.17
1,10,52,19.0352,1551.05,6720.64
1,10,52,0.344562,1551.05,6720.64
1,10,52,-19.0352,1551.05,6720.64
1,10,52,18.4073,1499.89,6641.66
1,10,52,0.344562,1499.89,6641.66
1,10,52,-18.4073,1499.89,6641.66
1,10,53,19.0229,1550.05,6855.62
1,10,53,-19.0229,1550.05,6855.62
1,10,53,18.4073,1499.89,6773.77
1,10,53,-18.4073,1499.89,6773.77
1,10,53,19.0229,1550.05,6786.57
1,10,53,0.346646,1550.05,6786.57
1,10,53,-19.0229,1550.05,6786.57
1,10,53,18.4073,1499.89,6706.95
1,10,53,0.346646,1499.89,6706.95
1,10,53,-18.4073,1499.89,6706.95
1,10,54,19.0108,1549.06,6924.19
1,10,54,-19.0108,1549.06,6924.19
1,10,54,18.4073,1499.89,6841.72
1,10,54,-18.4073,1499.89,6841.72
1,10,54,19.0108,1549.06,6853.78
1,10,54,0.348772,1549.06,6853.78
1,10,54,-19.0108,1549.06,6853.78
1,10,54,18.4073,1499.89,6773.54
1,10,54,0.348772,1499.89,6773.54
1,10,54,-18.4073,1499.89,6773.54
1,10,55,18.9988,1548.09,6994.11
1,10,55,-18.9988,1548.09,6994.11
1,10,55,18.4073,1499.89,6911.06
1,10,55,-18.4073,1499.89,6911.06
1,10,55,18.9988,1548.09,6922.3
1,10,55,0.35094,1548.09,6922.3
1,10,55,-18.9988,1548.09,6922.3
1,10,55,18.4073,1499.89,6841.48
1,10,55,0.35094,1499.89,6841.48
1,10,55,-18.4073,1499.89,6841.48
1,10,56,18.987,1547.12,7065.43
1,10,56,-18.987,1547.12,7065.43
1,10,56,18.4073,1499.89,6981.81
1,10,56,-18.4073,1499.89,6981.81
1,10,56,18.987,1547.12,6992.19
1,10,56,0.353151,1547.12,6992.19
1,10,56,-18.987,1547.12,6992.19
1,10,56,18.4073,1499.89,6910.8
1,10,56,0.353151,1499.89,6910.8
1,10,56,-18.4073,1499.89,6910.8
1,10,57,18.9753,1546.17,7138.19
1,10,57,-18.9753,1546.17,7138.19
1,10,57,18.4073,1499.89,7054.02
1,10,57,-18.4073,1499.89,7054.02
1,10,57,18.9753,1546.17,7063.47
1,10,57,0.355406,1546.17,7063.47
1,10,57,-18.9753,1546.17,7063.47
1,10,57,18.4073,1499.89,6981.54
1,10,57,0.355406,1499.89,6981.54
1,10,57,-18.4073,1499.89,6981.54
1,10,58,18.9638,1545.23,7212.42
1,10,58,-18.9638,1545.23,7212.42
1,10,58,18.4073,1499.89,7127.73
1,10,58,-18.4073,1499.89,7127.73
1,10,58,18.9638,1545.23,7136.19
1,10,58,0.357707,1545.23,7136.19
1,10,58,-18.9638,1545.23,7136.19
1,10,58,18.4073,1499.89,7053.73
1,10,58,0.357707,1499.89,7053.73
1,10,58,-18.4073,1499.89,7053.73
1,10,59,18.9525,1544.31,7288.17
1,10,59,-18.9525,1544.31,7288.17
1,10,59,18.4073,1499.89,7202.98
1,10,59,-18.4073,1499.89,7202.98
1,10,59,18.9525,1544.31,7210.39
1,10,59,0.360055,1544.31,7210.39
1,10,59,-18.9525,1544.31,7210.39
1,10,59,18.4073,1499.89,7127.43
1,10,59,0.360055,1499.89,7127.43
1,10,59,-18.4073,1499.89,7127.43
1,10,60,18.9413,1543.4,7365.48
1,10,60,-18.9413,1543.4,7365.48
1,10,60,18.4073,1499.89,7279.81
1,10,60,-18.4073,1499.89,7279.81
1,10,60,18.9413,1543.4,7286.11
1,10,60,0.362452,1543.4,7286.11
1,10,60,-18.9413,1543.4,7286.11
1,10,60,18.4073,1499.89,7202.66
1,10,60,0.362452,1499.89,7202.66
1,10,60,-18.4073,1499.89,7202.66
1,10,61,18.9303,1542.5,7444.39
1,10,61,-18.9303,1542.5,7444.39
1,10,61,18.4073,1499.89,7358.26
1,10,61,-18.4073,1499.89,7358.26
1,10,61,18.9303,1542.5,7363.38
1,10,61,0.364898,1542.5,7363.38
1,10,61,-18.9303,1542.5,7363.38
1,10,61,18.4073,1499.89,7279.48
1,10,61,0.364898,1499.89,7279.48
1,10,61,-18.4073,1499.89,7279.48
1,10,62,18.9194,1541.62,7524.95
1,10,62,-18.9194,1541.62,7524.95
1,10,62,18.4073,1499.89,7438.38
1,10,62,-18.4073,1499.89,7438.38
1,10,62,18.9194,1541.62,7442.26
1,10,62,0.367396,1541.62,7442.26
1,10,62,-18.9194,1541.62,7442.26
1,10,62,18.4073,1499.89,7357.91
1,10,62,0.367396,1499.89,7357.91
1,10,62,-18.4073,1499.89,7357.91
1,10,63,18.9088,1540.75,7607.2
1,10,63,-18.9088,1540.75,7607.2
1,10,63,18.4073,1499.89,7520.2
1,10,63,-18.4073,1499.89,7520.2
1,10,63,18.9088,1540.75,7522.78
1,10,63,0.369946,1540.75,7522.78
1,10,63,-18.9088,1540.75,7522.78
1,10,63,18.4073,1499.89,7438.01
1,10,63,0.369946,1499.89,7438.01
1,10,63,-18.4073,1499.89,7438.01
2,10,0,24.1818,1970.41,4372.71
2,10,0,-24.1818,1970.41,4372.71
2,10,0,19.5622,1593.99,4363.89
2,10,0,-19.5622,1593.99,4363.89
2,10,0,24.1818,1970.41,4326.67
2,10,0,0.269676,1970.41,4326.67
2,10,0,-24.1818,1970.41,4326.67
2,10,0,19.5622,1593.99,4326.67
2,10,0,0.269676,1593.99,4326.67
2,10,0,-19.5622,1593.99,4326.67
2,10,1,24.1802,1970.28,4418.91
2,10,1,-24.1802,1970.28,4418.91
2,10,1,19.5619,1593.97,4401.27
2,10,1,-19.5619,1593.97,4401.27
2,10,1,24.1802,1970.28,4372.85
2,10,1,0.271109,1970.28,4372.85
2,10,1,-24.1802,1970.28,4372.85
2,10,1,19.5619,1593.97,4364.03
2,10,1,0.271109,1593.97,4364.03
2,10,1,-19.5619,1593.97,4364.03
2,10,2,24.1755,1969.89,4465.15
2,10,2,-24.1755,1969.89,4465.15
2,10,2,19.5609,1593.89,4438.69
2,10,2,-19.5609,1593.89,4438.69
2,10,2,24.1755,1969.89,4419.04
2,10,2,0.272542,1969.89,4419.04
2,10,2,-24.1755,1969.89,4419.04
2,10,2,19.5609,1593.89,4401.4
2,10,2,0.272542,1593.89,4401.4
2,10,2,-19.5609,1593.89,4401.4
2,10,3,24.1676,1969.25,4511.41
2,10,3,-24.1676,1969.25,4511.41
2,10,3,19.5594,1593.76,4476.16
2,10,3,-19.5594,1593.76,4476.16
2,10,3,24.1676,1969.25,4465.24
2,10,3,0.273976,1969.25,4465.24
2,10,3,-24.1676,1969.25,4465.24
2,10,3,19.5594,1593.76,4438.81
2,10,3,0.273976,1593.76,4438.81
2,10,3,-19.5594,1593.76,4438.81
2,10,4,24.1565,1968.35,4557.72
2,10,4,-24.1565,1968.35,4557.72
2,10,4,19.5571,1593.58,4513.7
2,10,4,-19.5571,1593.58,4513.7
2,10,4,24.1565,1968.35,4511.46
2,10,4,0.275411,1968.35,4511.46
2,10,4,-24.1565,1968.35,4511.46
2,10,4,19.5571,1593.58,4476.27
2,10,4,0.275411,1593.58,4476.27
2,10,4,-19.5571,1593.58,4476.27
2,10,5,24.1424,1967.2,4604.07
2,10,5,-24.1424,1967.2,4604.07
2,10,5,19.5543,1593.35,4551.33
2,10,5,-19.5543,1593.35,4551.33
2,10,5,24.1424,1967.2,4557.71
2,10,5,0.276849,1967.2,4557.71
2,10,5,-24.1424,1967.2,4557.71
2,10,5,19.5543,1593.35,4513.8
2,10,5,0.276849,1593.35,4513.8
2,10,5,-19.5543,1593.35,4513.8
2,10,6,24.1252,1965.8,4650.49
2,10,6,-24.1252,1965.8,4650.49
2,10,6,19.5509,1593.07,4589.06
2,10,6,-19.5509,1593.07,4589.06
2,10,6,24.1252,1965.8,4604
2,10,6,0.278287,1965.8,4604
2,10,6,-24.1252,1965.8,4604
2,10,6,19.5509,1593.07,4551.41
2,10,6,0.278287,1593.07,4551.41
2,10,6,-19.5509,1593.07,4551.41
2,10,7,24.1049,1964.15,4696.96
2,10,7,-24.1049,1964.15,4696.96
2,10,7,19.5468,1592.74,4626.92
2,10,7,-19.5468,1592.74,4626.92
2,10,7,24.1049,1964.15,4650.33
2,10,7,0.279728,1964.15,4650.33
2,10,7,-24.1049,1964.15,4650.33
2,10,7,19.5468,1592.74,4589.13
2,10,7,0.279728,1592.74,4589.13
2,10,7,-19.5468,1592.74,4589.13
2,10,8,24.0818,1962.26,4743.51
2,10,8,-24.0818,1962.26,4743.51
2,10,8,19.5422,1592.36,4664.91
2,10,8,-19.5422,1592.36,4664.91
2,10,8,24.0818,1962.26,4696.72
2,10,8,0.281171,1962.26,4696.72
2,10,8,-24.0818,1962.26,4696.72
2,10,8,19.5422,1592.36,4626.96
2,10,8,0.281171,1592.36,4626.96
2,10,8,-19.5422,1592.36,4626.96
2,10,9,24.0557,1960.13,4790.15
2,10,9,-24.0557,1960.13,4790.15
2,10,9,19.537,1591.94,4703.06
2,10,9,-19.537,1591.94,4703.06
2,10,9,24.0557,1960.13,4743.17
2,10,9,0.282617,1960.13,4743.17
2,10,9,-24.0557,1960.13,4743.17
2,10,9,19.537,1591.94,4664.93
2,10,9,0.282617,1591.94,4664.93
2,10,9,-19.537,1591.94,4664.93
2,10,10,24.0267,1957.78,4836.87
2,10,10,-24.0267,1957.78,4836.87
2,10,10,19.5312,1591.47,4741.38
2,10,10,-19.5312,1591.47,4741.38
2,10,10,24.0267,1957.78,4789.7
2,10,10,0.284065,1957.78,4789.7
2,10,10,-24.0267,1957.78,4789.7
2,10,10,19.5312,1591.47,4703.05
2,10,10,0.284065,1591.47,4703.05
2,10,10,-19.5312,1591.47,4703.05
2,10,11,23.9951,1955.2,4883.7
2,10,11,-23.9951,1955.2,4883.7
2,10,11,19.5249,1590.95,4779.9
2,10,11,-19.5249,1590.95,4779.9
2,10,11,23.9951,1955.2,4836.3
2,10,11,0.285517,1955.2,4836.3
2,10,11,-23.9951,1955.2,4836.3
2,10,11,19.5249,1590.95,4741.35
2,10,11,0.285517,1590.95,4741.35
2,10,11,-19.5249,1590.95,4741.35
2,10,12,23.9607,1952.4,4930.64
2,10,12,-23.9607,1952.4,4930.64
2,10,12,19.518,1590.39,4818.63
2,10,12,-19.518,1590.39,4818.63
2,10,12,23.9607,1952.4,4883
2,10,12,0.286972,1952.4,4883
2,10,12,-23.9607,1952.4,4883
2,10,12,19.518,1590.39,4779.84
2,10,12,0.286972,1590.39,4779.84
2,10,12,-19.518,1590.39,4779.84
2,10,13,23.9237,1949.38,4977.71
2,10,13,-23.9237,1949.38,4977.71
2,10,13,19.5106,1589.79,4857.58
2,10,13,-19.5106,1589.79,4857.58
2,10,13,23.9237,1949.38,4929.8
2,10,13,0.288431,1949.38,4929.8
2,10,13,-23.9237,1949.38,4929.8
2,10,13,19.5106,1589.79,4818.53
2,10,13,0.288431,1589.79,4818.53
2,10,13,-19.5106,1589.79,4818.53
2,10,14,23.8843,1946.17,5024.91
2,10,14,-23.8843,1946.17,5024.91
2,10,14,19.5027,1589.14,4896.79
2,10,14,-19.5027,1589.14,4896.79
2,10,14,23.8843,1946.17,4976.72
2,10,14,0.289894,1946.17,4976.72
2,10,14,-23.8843,1946.17,4976.72
2,10,14,19.5027,1589.14,4857.46
2,10,14,0.289894,1589.14,4857.46
2,10,14,-19.5027,1589.14,4857.46
2,10,15,23.8424,1942.76,5072.25
2,10,15,-23.8424,1942.76,5072.25
2,10,15,19.4943,1588.46,4936.26
2,10,15,-19.4943,1588.46,4936.26
2,10,15,23.8424,1942.76,5023.76
2,10,15,0.291362,1942.76,5023.76
2,10,15,-23.8424,1942.76,5023.76
2,10,15,19.4943,1588.46,4896.62
2,10,15,0.291362,1588.46,4896.62
2,10,15,-19.4943,1588.46,4896.62
2,10,16,23.7983,1939.16,5119.76
2,10,16,-23.7983,1939.16,5119.76
2,10,16,19.4855,1587.74,4976.01
2,10,16,-19.4855,1587.74,4976.01
2,10,16,23.7983,1939.16,5070.95
2,10,16,0.292835,1939.16,5070.95
2,10,16,-23.7983,1939.16,5070.95
2,10,16,19.4855,1587.74,4936.06
2,10,16,0.292835,1587.74,4936.06
2,10,16,-19.4855,1587.74,4936.06
2,10,17,23.7519,1935.38,5167.45
2,10,17,-23.7519,1935.38,5167.45
2,10,17,19.4762,1586.99,5016.07
2,10,17,-19.4762,1586.99,5016.07
2,10,17,23.7519,1935.38,5118.29
2,10,17,0.294313,1935.38,5118.29
2,10,17,-23.7519,1935.38,5118.29
2,10,17,19.4762,1586.99,4975.77
2,10,17,0.294313,1586.99,4975.77
2,10,17,-19.4762,1586.99,4975.77
2,10,18,23.7035,1931.43,5215.33
2,10,18,-23.7035,1931.43,5215.33
2,10,18,19.4665,1586.2,5056.45
2,10,18,-19.4665,1586.2,5056.45
2,10,18,23.7035,1931.43,5165.8
2,10,18,0.295797,1931.43,5165.8
2,10,18,-23.7035,1931.43,5165.8
2,10,18,19.4665,1586.2,5015.79
2,10,18,0.295797,1586.2,5015.79
2,10,18,-19.4665,1586.2,5015.79
2,10,19,23.653,1927.32,5263.41
2,10,19,-23.653,1927.32,5263.41
2,10,19,19.4565,1585.37,5097.18
2,10,19,-19.4565,1585.37,5097.18
2,10,19,23.653,1927.32,5213.5
2,10,19,0.297288,1927.32,5213.5
2,10,19,-23.653,1927.32,5213.5
2,10,19,19.4565,1585.37,5056.14
2,10,19,0.297288,1585.37,5056.14
2,10,19,-19.4565,1585.37,5056.14
2,10,20,23.6007,1923.06,5311.71
2,10,20,-23.6007,1923.06,5311.71
2,10,20,19.446,1584.52,5138.28
2,10,20,-19.446,1584.52,5138.28
2,10,20,23.6007,1923.06,5261.39
2,10,20,0.298785,1923.06,5261.39
2,10,20,-23.6007,1923.06,5261.39
2,10,20,19.446,1584.52,5096.82
2,10,20,0.298785,1584.52,5096.82
2,10,20,-19.446,1584.52,5096.82
2,10,21,23.5466,1918.66,5360.25
2,10,21,-23.5466,1918.66,5360.25
2,10,21,19.4352,1583.64,5179.76
2,10,21,-19.4352,1583.64,5179.76
2,10,21,23.5466,1918.66,5309.5
2,10,21,0.30029,1918.66,5309.5
2,10,21,-23.5466,1918.66,5309.5
2,10,21,19.4352,1583.64,5137.88
2,10,21,0.30029,1583.64,5137.88
2,10,21,-19.4352,1583.64,5137.88
2,10,22,23.4909,1914.11,5409.06
2,10,22,-23.4909,1914.11,5409.06
2,10,22,19.424,1582.73,5221.64
2,10,22,-19.424,1582.73,5221.64
2,10,22,23.4909,1914.11,5357.85
2,10,22,0.301803,1914.11,5357.85
2,10,22,-23.4909,1914.11,5357.85
2,10,22,19.424,1582.73,5179.31
2,10,22,0.301803,1582.73,5179.31
2,10,22,-19.424,1582.73,5179.31
2,10,23,23.4336,1909.45,5458.13
2,10,23,-23.4336,1909.45,5458.13
2,10,23,19.4126,1581.8,5263.95
2,10,23,-19.4126,1581.8,5263.95
2,10,23,23.4336,1909.45,5406.46
2,10,23,0.303324,1909.45,5406.46
2,10,23,-23.4336,1909.45,5406.46
2,10,23,19.4126,1581.8,5221.15
2,10,23,0.303324,1581.8,5221.15
2,10,23,-19.4126,1581.8,5221.15
2,10,24,23.375,1904.67,5507.5
2,10,24,-23.375,1904.67,5507.5
2,10,24,19.4008,1580.84,5306.72
2,10,24,-19.4008,1580.84,5306.72
2,10,24,23.375,1904.67,5455.33
2,10,24,0.304855,1904.67,5455.33
2,10,24,-23.375,1904.67,5455.33
2,10,24,19.4008,1580.84,5263.42
2,10,24,0.304855,1580.84,5263.42
2,10,24,-19.4008,1580.84,5263.42
2,10,25,23.315,1899.78,5557.19
2,10,25,-23.315,1899.78,5557.19
2,10,25,19.3888,1579.87,5349.95
2,10,25,-19.3888,1579.87,5349.95
2,10,25,23.315,1899.78,5504.5
2,10,25,0.306395,1899.78,5504.5
2,10,25,-23.315,1899.78,5504.5
2,10,25,19.3888,1579.87,5306.14
2,10,25,0.306395,1579.87,5306.14
2,10,25,-19.3888,1579.87,5306.14
2,10,26,23.2538,1894.79,5607.22
2,10,26,-23.2538,1894.79,5607.22
2,10,26,19.3766,1578.87,5393.68
2,10,26,-19.3766,1578.87,5393.68
2,10,26,23.2538,1894.79,5553.98
2,10,26,0.307946,1894.79,5553.98
2,10,26,-23.2538,1894.79,5553.98
2,10,26,19.3766,1578.87,5349.33
2,10,26,0.307946,1578.87,5349.33
2,10,26,-19.3766,1578.87,5349.33
2,10,27,23.1915,1889.72,5657.6
2,10,27,-23.1915,1889.72,5657.6
2,10,27,19.3641,1577.85,5437.93
2,10,27,-19.3641,1577.85,5437.93
2,10,27,23.1915,1889.72,5603.8
2,10,27,0.309508,1889.72,5603.8
2,10,27,-23.1915,1889.72,5603.8
2,10,27,19.3641,1577.85,5393.01
2,10,27,0.309508,1577.85,5393.01
2,10,27,-19.3641,1577.85,5393.01
2,10,28,23.1282,1884.56,5708.37
2,10,28,-23.1282,1884.56,5708.37
2,10,28,19.3515,1576.82,5482.72
2,10,28,-19.3515,1576.82,5482.72
2,10,28,23.1282,1884.56,5653.98
2,10,28,0.311082,1884.56,5653.98
2,10,28,-23.1282,1884.56,5653.98
2,10,28,19.3515,1576.82,5437.21
2,10,28,0.311082,1576.82,5437.21
2,10,28,-19.3515,1576.82,5437.21
2,10,29,23.0641,1879.34,5759.54
2,10,29,-23.0641,1879.34,5759.54
2,10,29,19.3387,1575.78,5528.07
2,10,29,-19.3387,1575.78,5528.07
2,10,29,23.0641,1879.34,5704.53
2,10,29,0.312668,1879.34,5704.53
2,10,29,-23.0641,1879.34,5704.53
2,10,29,19.3387,1575.78,5481.95
2,10,29,0.312668,1575.78,5481.95
2,10,29,-19.3387,1575.78,5481.95
2,10,30,22.9992,1874.05,5811.14
2,10,30,-22.9992,1874.05,5811.14
2,10,30,19.3257,1574.72,5574.01
2,10,30,-19.3257,1574.72,5574.01
2,10,30,22.9992,1874.05,5755.5
2,10,30,0.314267,1874.05,5755.5
2,10,30,-22.9992,1874.05,5755.5
2,10,30,19.3257,1574.72,5527.26
2,10,30,0.314267,1574.72,5527.26
2,10,30,-19.3257,1574.72,5527.26
2,10,31,22.9336,1868.7,5863.19
2,10,31,-22.9336,1868.7,5863.19
2,10,31,19.3126,1573.65,5620.56
2,10,31,-19.3126,1573.65,5620.56
2,10,31,22.9336,1868.7,5806.89
2,10,31,0.315881,1868.7,5806.89
2,10,31,-22.9336,1868.7,5806.89
2,10,31,19.3126,1573.65,5573.15
2,10,31,0.315881,1573.65,5573.15
2,10,31,-19.3126,1573.65,5573.15
2,10,32,22.8675,1863.31,5915.73
2,10,32,-22.8675,1863.31,5915.73
2,10,32,19.2993,1572.57,5667.75
2,10,32,-19.2993,1572.57,5667.75
2,10,32,22.8675,1863.31,5858.74
2,10,32,0.31751,1863.31,5858.74
2,10,32,-22.8675,1863.31,5858.74
2,10,32,19.2993,1572.57,5619.66
2,10,32,0.31751,1572.57,5619.66
2,10,32,-19.2993,1572.57,5619.66
2,10,33,22.8008,1857.89,5968.77
2,10,33,-22.8008,1857.89,5968.77
2,10,33,19.286,1571.49,5715.61
2,10,33,-19.286,1571.49,5715.61
2,10,33,22.8008,1857.89,5911.07
2,10,33,0.319154,1857.89,5911.07
2,10,33,-22.8008,1857.89,5911.07
2,10,33,19.286,1571.49,5666.8
2,10,33,0.319154,1571.49,5666.8
2,10,33,-19.286,1571.49,5666.8
2,10,34,22.7338,1852.43,6022.34
2,10,34,-22.7338,1852.43,6022.34
2,10,34,19.2726,1570.4,5764.15
2,10,34,-19.2726,1570.4,5764.15
2,10,34,22.7338,1852.43,5963.91
2,10,34,0.320815,1852.43,5963.91
2,10,34,-22.7338,1852.43,5963.91
2,10,34,19.2726,1570.4,5714.61
2,10,34,0.320815,1570.4,5714.61
2,10,34,-19.2726,1570.4,5714.61
2,10,35,22.6666,1846.94,6076.48
2,10,35,-22.6666,1846.94,6076.48
2,10,35,19.2592,1569.3,5813.41
2,10,35,-19.2592,1569.3,5813.41
2,10,35,22.6666,1846.94,6017.28
2,10,35,0.322493,1846.94,6017.28
2,10,35,-22.6666,1846.94,6017.28
2,10,35,19.2592,1569.3,5763.11
2,10,35,0.322493,1569.3,5763.11
2,10,35,-19.2592,1569.3,5763.11
2,10,36,22.5991,1841.44,6131.21
2,10,36,-22.5991,1841.44,6131.21
2,10,36,19.2457,1568.2,5863.42
2,10,36,-19.2457,1568.2,5863.42
2,10,36,22.5991,1841.44,6071.22
2,10,36,0.32419,1841.44,6071.22
2,10,36,-22.5991,1841.44,6071.22
2,10,36,19.2457,1568.2,5812.32
2,10,36,0.32419,1568.2,5812.32
2,10,36,-19.2457,1568.2,5812.32
2,10,37,22.5314,1835.93,6186.56
2,10,37,-22.5314,1835.93,6186.56
2,10,37,19.2321,1567.1,5914.19
2,10,37,-19.2321,1567.1,5914.19
2,10,37,22.5314,1835.93,6125.75
2,10,37,0.325906,1835.93,6125.75
2,10,37,-22.5314,1835.93,6125.75
2,10,37,19.2321,1567.1,5862.28
2,10,37,0.325906,1567.1,5862.28
2,10,37,-19.2321,1567.1,5862.28
2,10,38,22.4638,1830.42,6242.56
2,10,38,-22.4638,1830.42,6242.56
2,10,38,19.2186,1565.99,5965.76
2,10,38,-19.2186,1565.99,5965.76
2,10,38,22.4638,1830.42,6180.91
2,10,38,0.327641,1830.42,6180.91
2,10,38,-22.4638,1830.42,6180.91
2,10,38,19.2186,1565.99,5913.01
2,10,38,0.327641,1565.99,5913.01
2,10,38,-19.2186,1565.99,5913.01
2,10,39,22.3961,1824.91,6299.24
2,10,39,-22.3961,1824.91,6299.24
2,10,39,19.2051,1564.89,6018.16
2,10,39,-19.2051,1564.89,6018.16
2,10,39,22.3961,1824.91,6236.71
2,10,39,0.329399,1824.91,6236.71
2,10,39,-22.3961,1824.91,6236.71
2,10,39,19.2051,1564.89,5964.53
2,10,39,0.329399,1564.89,5964.53
2,10,39,-19.2051,1564.89,5964.53
2,10,40,22.3286,1819.41,6356.63
2,10,40,-22.3286,1819.41,6356.63
2,10,40,19.1916,1563.79,6071.41
2,10,40,-19.1916,1563.79,6071.41
2,10,40,22.3286,1819.41,6293.2
2,10,40,0.331178,1819.41,6293.2
2,10,40,-22.3286,1819.41,6293.2
2,10,40,19.1916,1563.79,6016.88
2,10,40,0.331178,1563.79,6016.88
2,10,40,-19.1916,1563.79,6016.88
2,10,41,22.2612,1813.92,6414.76
2,10,41,-22.2612,1813.92,6414.76
2,10,41,19.1781,1562.69,6125.55
2,10,41,-19.1781,1562.69,6125.55
2,10,41,22.2612,1813.92,6350.41
2,10,41,0.33298,1813.92,6350.41
2,10,41,-22.2612,1813.92,6350.41
2,10,41,19.1781,1562.69,6070.09
2,10,41,0.33298,1562.69,6070.09
2,10,41,-19.1781,1562.69,6070.09
2,10,42,22.1941,1808.45,6473.68
2,10,42,-22.1941,1808.45,6473.68
2,10,42,19.1647,1561.6,6180.6
2,10,42,-19.1647,1561.6,6180.6
2,10,42,22.1941,1808.45,6408.36
2,10,42,0.334806,1808.45,6408.36
2,10,42,-22.1941,1808.45,6408.36
2,10,42,19.1647,1561.6,6124.19
2,10,42,0.334806,1561.6,6124.19
2,10,42,-19.1647,1561.6,6124.19
2,10,43,22.1272,1803,6533.4
2,10,43,-22.1272,1803,6533.4
2,10,43,19.1513,1560.51,6236.59
2,10,43,-19.1513,1560.51,6236.59
2,10,43,22.1272,1803,6467.1
2,10,43,0.336658,1803,6467.1
2,10,43,-22.1272,1803,6467.1
2,10,43,19.1513,1560.51,6179.19
2,10,43,0.336658,1560.51,6179.19
2,10,43,-19.1513,1560.51,6179.19
2,10,44,22.0607,1797.58,6593.97
2,10,44,-22.0607,1797.58,6593.97
2,10,44,19.138,1559.43,6293.56
2,10,44,-19.138,1559.43,6293.56
2,10,44,22.0607,1797.58,6526.65
2,10,44,0.338535,1797.58,6526.65
2,10,44,-22.0607,1797.58,6526.65
2,10,44,19.138,1559.43,6235.15
2,10,44,0.338535,1559.43,6235.15
2,10,44,-19.138,1559.43,6235.15
2,10,45,21.9946,1792.19,6655.42
2,10,45,-21.9946,1792.19,6655.42
2,10,45,19.1248,1558.35,6351.54
2,10,45,-19.1248,1558.35,6351.54
2,10,45,21.9946,1792.19,6587.04
2,10,45,0.34044,1792.19,6587.04
2,10,45,-21.9946,1792.19,6587.04
2,10,45,19.1248,1558.35,6292.07
2,10,45,0.34044,1558.35,6292.07
2,10,45,-19.1248,1558.35,6292.07
2,10,46,21.929,1786.84,6717.78
2,10,46,-21.929,1786.84,6717.78
2,10,46,19.1116,1557.28,6410.56
2,10,46,-19.1116,1557.28,6410.56
2,10,46,21.929,1786.84,6648.32
2,10,46,0.342373,1786.84,6648.32
2,10,46,-21.929,1786.84,6648.32
2,10,46,19.1116,1557.28,6350.01
2,10,46,0.342373,1557.28,6350.01
2,10,46,-19.1116,1557.28,6350.01
2,10,47,21.8638,1781.54,6781.09
2,10,47,-21.8638,1781.54,6781.09
2,10,47,19.0986,1556.22,6470.65
2,10,47,-19.0986,1556.22,6470.65
2,10,47,21.8638,1781.54,6710.52
2,10,47,0.344336,1781.54,6710.52
2,10,47,-21.8638,1781.54,6710.52
2,10,47,19.0986,1556.22,6408.99
2,10,47,0.344336,1556.22,6408.99
2,10,47,-19.0986,1556.22,6408.99
2,10,48,21.7992,1776.27,6845.39
2,10,48,-21.7992,1776.27,6845.39
2,10,48,19.0857,1555.16,6531.85
2,10,48,-19.0857,1555.16,6531.85
2,10,48,21.7992,1776.27,6773.67
2,10,48,0.346329,1776.27,6773.67
2,10,48,-21.7992,1776.27,6773.67
2,10,48,19.0857,1555.16,6469.04
2,10,48,0.346329,1555.16,6469.04
2,10,48,-19.0857,1555.16,6469.04
2,10,49,21.7352,1771.05,6910.71
2,10,49,-21.7352,1771.05,6910.71
2,10,49,19.0729,1554.12,6594.18
2,10,49,-19.0729,1554.12,6594.18
2,10,49,21.7352,1771.05,6837.81
2,10,49,0.348354,1771.05,6837.81
2,10,49,-21.7352,1771.05,6837.81
2,10,49,19.0729,1554.12,6530.19
2,10,49,0.348354,1554.12,6530.19
2,10,49,-19.0729,1554.12,6530.19
2,10,50,21.6717,1765.88,6977.1
2,10,50,-21.6717,1765.88,6977.1
2,10,50,19.0602,1553.09,6657.69
2,10,50,-19.0602,1553.09,6657.69
2,10,50,21.6717,1765.88,6902.98
2,10,50,0.350412,1765.88,6902.98
2,10,50,-21.6717,1765.88,6902.98
2,10,50,19.0602,1553.09,6592.49
2,10,50,0.350412,1553.09,6592.49
2,10,50,-19.0602,1553.09,6592.49
2,10,51,21.609,1760.77,7044.58
2,10,51,-21.609,1760.77,7044.58
2,10,51,19.0476,1552.06,6722.41
2,10,51,-19.0476,1552.06,6722.41
2,10,51,21.609,1760.77,6969.22
2,10,51,0.352504,1760.77,6969.22
2,10,51,-21.609,1760.77,6969.22
2,10,51,19.0476,1552.06,6655.96
2,10,51,0.352504,1552.06,6655.96
2,10,51,-19.0476,1552.06,6655.96
2,10,52,21.5468,1755.71,7113.21
2,10,52,-21.5468,1755.71,7113.21
2,10,52,19.0352,1551.05,6788.37
2,10,52,-19.0352,1551.05,6788.37
2,10,52,21.5468,1755.71,7036.56
2,10,52,0.354632,1755.71,7036.56
2,10,52,-21.5468,1755.71,7036.56
2,10,52,19.0352,1551.05,6720.64
2,10,52,0.354632,1551.05,6720.64
2,10,52,-19.0352,1551.05,6720.64
2,10,53,21.4854,1750.7,7183.01
2,10,53,-21.4854,1750.7,7183.01
2,10,53,19.0229,1550.05,6855.62
2,10,53,-19.0229,1550.05,6855.62
2,10,53,21.4854,1750.7,7105.04
2,10,53,0.356796,1750.7,7105.04
2,10,53,-21.4854,1750.7,7105.04
2,10,53,19.0229,1550.05,6786.56
2,10,53,0.356796,1550.05,6786.56
2,10,53,-19.0229,1550.05,6786.56
2,10,54,21.4248,1745.76,7254.04
2,10,54,-21.4248,1745.76,7254.04
2,10,54,19.0108,1549.06,6924.19
2,10,54,-19.0108,1549.06,6924.19
2,10,54,21.4248,1745.76,7174.71
2,10,54,0.358997,1745.76,7174.71
2,10,54,-21.4248,1745.76,7174.71
2,10,54,19.0108,1549.06,6853.77
2,10,54,0.358997,1549.06,6853.77
2,10,54,-19.0108,1549.06,6853.77
2,10,55,21.3649,1740.88,7326.32
2,10,55,-21.3649,1740.88,7326.32
2,10,55,18.9988,1548.09,6994.11
2,10,55,-18.9988,1548.09,6994.11
2,10,55,21.3649,1740.88,7245.6
2,10,55,0.361238,1740.88,7245.6
2,10,55,-21.3649,1740.88,7245.6
2,10,55,18.9988,1548.09,6922.3
2,10,55,0.361238,1548.09,6922.3
2,10,55,-18.9988,1548.09,6922.3
2,10,56,21.3057,1736.06,7399.91
2,10,56,-21.3057,1736.06,7399.91
2,10,56,18.987,1547.12,7065.43
2,10,56,-18.987,1547.12,7065.43
2,10,56,21.3057,1736.06,7317.75
2,10,56,0.363519,1736.06,7317.75
2,10,56,-21.3057,1736.06,7317.75
2,10,56,18.987,1547.12,6992.18
2,10,56,0.363519,1547.12,6992.18
2,10,56,-18.987,1547.12,6992.18
2,10,57,21.2474,1731.3,7474.84
2,10,57,-21.2474,1731.3,7474.84
2,10,57,18.9753,1546.17,7138.19
2,10,57,-18.9753,1546.17,7138.19
2,10,57,21.2474,1731.3,7391.21
2,10,57,0.365842,1731.3,7391.21
2,10,57,-21.2474,1731.3,7391.21
2,10,57,18.9753,1546.17,7063.47
2,10,57,0.365842,1546.17,7063.47
2,10,57,-18.9753,1546.17,7063.47
2,10,58,21.1898,1726.61,7551.17
2,10,58,-21.1898,1726.61,7551.17
2,10,58,18.9638,1545.23,7212.42
2,10,58,-18.9638,1545.23,7212.42
2,10,58,21.1898,1726.61,7466.02
2,10,58,0.368208,1726.61,7466.02
2,10,58,-21.1898,1726.61,7466.02
2,10,58,18.9638,1545.23,7136.19
2,10,58,0.368208,1545.23,7136.19
2,10,58,-18.9638,1545.23,7136.19
2,10,59,21.1331,1721.99,7628.93
2,10,59,-21.1331,1721.99,7628.93
2,10,59,18.9525,1544.31,7288.17
2,10,59,-18.9525,1544.31,7288.17
2,10,59,21.1331,1721.99,7542.23
2,10,59,0.370619,1721.99,7542.23
2,10,59,-21.1331,1721.99,7542.23
2,10,59,18.9525,1544.31,7210.38
2,10,59,0.370619,1544.31,7210.38
2,10,59,-18.9525,1544.31,7210.38
2,10,60,21.0772,1717.44,7708.16
2,10,60,-21.0772,1717.44,7708.16
2,10,60,18.9413,1543.4,7365.48
2,10,60,-18.9413,1543.4,7365.48
2,10,60,21.0772,1717.44,7619.86
2,10,60,0.373075,1717.44,7619.86
2,10,60,-21.0772,1717.44,7619.86
2,10,60,18.9413,1543.4,7286.1
2,10,60,0.373075,1543.4,7286.1
2,10,60,-18.9413,1543.4,7286.1
2,10,61,21.0221,1712.95,7788.92
2,10,61,-21.0221,1712.95,7788.92
2,10,61,18.9303,1542.5,7444.39
2,10,61,-18.9303,1542.5,7444.39
2,10,61,21.0221,1712.95,7698.99
2,10,61,0.375579,1712.95,7698.99
2,10,61,-21.0221,1712.95,7698.99
2,10,61,18.9303,1542.5,7363.37
2,10,61,0.375579,1542.5,7363.37
2,10,61,-18.9303,1542.5,7363.37
2,10,62,20.9679,1708.53,7871.26
2,10,62,-20.9679,1708.53,7871.26
2,10,62,18.9194,1541.62,7524.95
2,10,62,-18.9194,1541.62,7524.95
2,10,62,20.9679,1708.53,7779.63
2,10,62,0.378131,1708.53,7779.63
2,10,62,-20.9679,1708.53,7779.63
2,10,62,18.9194,1541.62,7442.25
2,10,62,0.378131,1541.62,7442.25
2,10,62,-18.9194,1541.62,7442.25
2,10,63,20.9145,1704.18,7955.21
2,10,63,-20.9145,1704.18,7955.21
2,10,63,18.9088,1540.75,7607.2
2,10,63,-18.9088,1540.75,7607.2
2,10,63,20.9145,1704.18,7861.86
2,10,63,0.380734,1704.18,7861.86
2,10,63,-20.9145,1704.18,7861.86
2,10,63,18.9088,1540.75,7522.77
2,10,63,0.380734,1540.75,7522.77
2,10,63,-18.9088,1540.75,7522.77
3,10,0,24.7592,2017.46,4373.81
3,10,0,-24.7592,2017.46,4373.81
3,10,0,24.1818,1970.41,4372.71
3,10,0,-24.1818,1970.41,4372.71
3,10,0,24.7592,2017.46,4326.67
3,10,0,0.26971,2017.46,4326.67
3,10,0,-24.7592,2017.46,4326.67
3,10,0,24.1818,1970.41,4326.67
3,10,0,0.26971,1970.41,4326.67
3,10,0,-24.1818,1970.41,4326.67
3,10,1,24.7575,2017.32,4421.12
3,10,1,-24.7575,2017.32,4421.12
3,10,1,24.1802,1970.28,4418.91
3,10,1,-24.1802,1970.28,4418.91
3,10,1,24.7575,2017.32,4373.95
3,10,1,0.271177,2017.32,4373.95
3,10,1,-24.7575,2017.32,4373.95
3,10,1,24.1802,1970.28,4372.85
3,10,1,0.271177,1970.28,4372.85
3,10,1,-24.1802,1970.28,4372.85
3,10,2,24.7523,2016.9,4468.45
3,10,2,-24.7523,2016.9,4468.45
3,10,2,24.1755,1969.89,4465.15
3,10,2,-24.1755,1969.89,4465.15
3,10,2,24.7523,2016.9,4421.24
3,10,2,0.272644,2016.9,4421.24
3,10,2,-24.7523,2016.9,4421.24
3,10,2,24.1755,1969.89,4419.04
3,10,2,0.272644,1969.89,4419.04
3,10,2,-24.1755,1969.89,4419.04
3,10,3,24.7436,2016.19,4515.82
3,10,3,-24.7436,2016.19,4515.82
3,10,3,24.1676,1969.25,4511.41
3,10,3,-24.1676,1969.25,4511.41
3,10,3,24.7436,2016.19,4468.54
3,10,3,0.274113,2016.19,4468.54
3,10,3,-24.7436,2016.19,4468.54
3,10,3,24.1676,1969.25,4465.24
3,10,3,0.274113,1969.25,4465.24
3,10,3,-24.1676,1969.25,4465.24
3,10,4,24.7314,2015.2,4563.22
3,10,4,-24.7314,2015.2,4563.22
3,10,4,24.1565,1968.35,4557.72
3,10,4,-24.1565,1968.35,4557.72
3,10,4,24.7314,2015.2,4515.86
3,10,4,0.275582,2015.2,4515.86
3,10,4,-24.7314,2015.2,4515.86
3,10,4,24.1565,1968.35,4511.46
3,10,4,0.275582,1968.35,4511.46
3,10,4,-24.1565,1968.35,4511.46
3,10,5,24.7159,2013.93,4610.67
3,10,5,-24.7159,2013.93,4610.67
3,10,5,24.1424,1967.2,4604.07
3,10,5,-24.1424,1967.2,4604.07
3,10,5,24.7159,2013.93,4563.2
3,10,5,0.277053,2013.93,4563.2
3,10,5,-24.7159,2013.93,4563.2
3,10,5,24.1424,1967.2,4557.71
3,10,5,0.277053,1967.2,4557.71
3,10,5,-24.1424,1967.2,4557.71
3,10,6,24.697,2012.39,4658.16
3,10,6,-24.697,2012.39,4658.16
3,10,6,24.1252,1965.8,4650.49
3,10,6,-24.1252,1965.8,4650.49
3,10,6,24.697,2012.39,4610.57
3,10,6,0.278525,2012.39,4610.57
3,10,6,-24.697,2012.39,4610.57
3,10,6,24.1252,1965.8,4604
3,10,6,0.278525,1965.8,4604
3,10,6,-24.1252,1965.8,4604
3,10,7,24.6747,2010.58,4705.72
3,10,7,-24.6747,2010.58,4705.72
3,10,7,24.1049,1964.15,4696.96
3,10,7,-24.1049,1964.15,4696.96
3,10,7,24.6747,2010.58,4657.98
3,10,7,0.28,2010.58,4657.98
3,10,7,-24.6747,2010.58,4657.98
3,10,7,24.1049,1964.15,4650.33
3,10,7,0.28,1964.15,4650.33
3,10,7,-24.1049,1964.15,4650.33
3,10,8,24.6492,2008.5,4753.34
3,10,8,-24.6492,2008.5,4753.34
3,10,8,24.0818,1962.26,4743.51
3,10,8,-24.0818,1962.26,4743.51
3,10,8,24.6492,2008.5,4705.44
3,10,8,0.281476,2008.5,4705.44
3,10,8,-24.6492,2008.5,4705.44
3,10,8,24.0818,1962.26,4696.72
3,10,8,0.281476,1962.26,4696.72
3,10,8,-24.0818,1962.26,4696.72
3,10,9,24.6205,2006.16,4801.03
3,10,9,-24.6205,2006.16,4801.03
3,10,9,24.0557,1960.13,4790.15
3,10,9,-24.0557,1960.13,4790.15
3,10,9,24.6205,2006.16,4752.95
3,10,9,0.282954,2006.16,4752.95
3,10,9,-24.6205,2006.16,4752.95
3,10,9,24.0557,1960.13,4743.17
3,10,9,0.282954,1960.13,4743.17
3,10,9,-24.0557,1960.13,4743.17
3,10,10,24.5887,2003.57,4848.81
3,10,10,-24.5887,2003.57,4848.81
3,10,10,24.0267,1957.78,4836.87
3,10,10,-24.0267,1957.78,4836.87
3,10,10,24.5887,2003.57,4800.53
3,10,10,0.284435,2003.57,4800.53
3,10,10,-24.5887,2003.57,4800.53
3,10,10,24.0267,1957.78,4789.7
3,10,10,0.284435,1957.78,4789.7
3,10,10,-24.0267,1957.78,4789.7
3,10,11,24.5538,2000.73,4896.68
3,10,11,-24.5538,2000.73,4896.68
3,10,11,23.9951,1955.2,4883.7
3,10,11,-23.9951,1955.2,4883.7
3,10,11,24.5538,2000.73,4848.17
3,10,11,0.285919,2000.73,4848.17
3,10,11,-24.5538,2000.73,4848.17
3,10,11,23.9951,1955.2,4836.3
3,10,11,0.285919,1955.2,4836.3
3,10,11,-23.9951,1955.2,4836.3
3,10,12,24.516,1997.65,4944.64
3,10,12,-24.516,1997.65,4944.64
3,10,12,23.9607,1952.4,4930.64
3,10,12,-23.9607,1952.4,4930.64
3,10,12,24.516,1997.65,4895.89
3,10,12,0.287406,1997.65,4895.89
3,10,12,-24.516,1997.65,4895.89
3,10,12,23.9607,1952.4,4883
3,10,12,0.287406,1952.4,4883
3,10,12,-23.9607,1952.4,4883
3,10,13,24.4754,1994.33,4992.72
3,10,13,-24.4754,1994.33,4992.72
3,10,13,23.9237,1949.38,4977.71
3,10,13,-23.9237,1949.38,4977.71
3,10,13,24.4754,1994.33,4943.71
3,10,13,0.288897,1994.33,4943.71
3,10,13,-24.4754,1994.33,4943.71
3,10,13,23.9237,1949.38,4929.8
3,10,13,0.288897,1949.38,4929.8
3,10,13,-23.9237,1949.38,4929.8
3,10,14,24.432,1990.8,5040.92
3,10,14,-24.432,1990.8,5040.92
3,10,14,23.8843,1946.17,5024.91
3,10,14,-23.8843,1946.17,5024.91
3,10,14,24.432,1990.8,4991.63
3,10,14,0.290391,1990.8,4991.63
3,10,14,-24.432,1990.8,4991.63
3,10,14,23.8843,1946.17,4976.72
3,10,14,0.290391,1946.17,4976.72
3,10,14,-23.8843,1946.17,4976.72
3,10,15,24.386,1987.05,5089.25
3,10,15,-24.386,1987.05,5089.25
3,10,15,23.8424,1942.76,5072.25
3,10,15,-23.8424,1942.76,5072.25
3,10,15,24.386,1987.05,5039.66
3,10,15,0.291889,1987.05,5039.66
3,10,15,-24.386,1987.05,5039.66
3,10,15,23.8424,1942.76,5023.76
3,10,15,0.291889,1942.76,5023.76
3,10,15,-23.8424,1942.76,5023.76
3,10,16,24.3374,1983.09,5137.73
3,10,16,-24.3374,1983.09,5137.73
3,10,16,23.7983,1939.16,5119.76
3,10,16,-23.7983,1939.16,5119.76
3,10,16,24.3374,1983.09,5087.81
3,10,16,0.293392,1983.09,5087.81
3,10,16,-24.3374,1983.09,5087.81
3,10,16,23.7983,1939.16,5070.95
3,10,16,0.293392,1939.16,5070.95
3,10,16,-23.7983,1939.16,5070.95
3,10,17,24.2864,1978.93,5186.37
3,10,17,-24.2864,1978.93,5186.37
3,10,17,23.7519,1935.38,5167.45
3,10,17,-23.7519,1935.38,5167.45
3,10,17,24.2864,1978.93,5136.11
3,10,17,0.2949,1978.93,5136.11
3,10,17,-24.2864,1978.93,5136.11
3,10,17,23.7519,1935.38,5118.29
3,10,17,0.2949,1935.38,5118.29
3,10,17,-23.7519,1935.38,5118.29
3,10,18,24.2331,1974.59,5235.18
3,10,18,-24.2331,1974.59,5235.18
3,10,18,23.7035,1931.43,5215.33
3,10,18,-23.7035,1931.43,5215.33
3,10,18,24.2331,1974.59,5184.55
3,10,18,0.296413,1974.59,5184.55
3,10,18,-24.2331,1974.59,5184.55
3,10,18,23.7035,1931.43,5165.8
3,10,18,0.296413,1931.43,5165.8
3,10,18,-23.7035,1931.43,5165.8
3,10,19,24.1776,1970.07,5284.19
3,10,19,-24.1776,1970.07,5284.19
3,10,19,23.653,1927.32,5263.41
3,10,19,-23.653,1927.32,5263.41
3,10,19,24.1776,1970.07,5233.17
3,10,19,0.297932,1970.07,5233.17
3,10,19,-24.1776,1970.07,5233.17
3,10,19,23.653,1927.32,5213.5
3,10,19,0.297932,1927.32,5213.5
3,10,19,-23.653,1927.32,5213.5
3,10,20,24.12,1965.38,5333.39
3,10,20,-24.12,1965.38,5333.39
3,10,20,23.6007,1923.06,5311.71
3,10,20,-23.6007,1923.06,5311.71
3,10,20,24.12,1965.38,5281.96
3,10,20,0.299457,1965.38,5281.96
3,10,20,-24.12,1965.38,5281.96
3,10,20,23.6007,1923.06,5261.39
3,10,20,0.299457,1923.06,5261.39
3,10,20,-23.6007,1923.06,5261.39
3,10,21,24.0606,1960.53,5382.82
3,10,21,-24.0606,1960.53,5382.82
3,10,21,23.5466,1918.66,5360.25
3,10,21,-23.5466,1918.66,5360.25
3,10,21,24.0606,1960.53,5330.96
3,10,21,0.30099,1960.53,5330.96
3,10,21,-24.0606,1960.53,5330.96
3,10,21,23.5466,1918.66,5309.5
3,10,21,0.30099,1918.66,5309.5
3,10,21,-23.5466,1918.66,5309.5
3,10,22,23.9993,1955.54,5432.48
3,10,22,-23.9993,1955.54,5432.48
3,10,22,23.4909,1914.11,5409.06
3,10,22,-23.4909,1914.11,5409.06
3,10,22,23.9993,1955.54,5380.17
3,10,22,0.302529,1955.54,5380.17
3,10,22,-23.9993,1955.54,5380.17
3,10,22,23.4909,1914.11,5357.85
3,10,22,0.302529,1914.11,5357.85
3,10,22,-23.4909,1914.11,5357.85
3,10,23,23.9363,1950.41,5482.4
3,10,23,-23.9363,1950.41,5482.4
3,10,23,23.4336,1909.45,5458.13
3,10,23,-23.4336,1909.45,5458.13
3,10,23,23.9363,1950.41,5429.62
3,10,23,0.304077,1950.41,5429.62
3,10,23,-23.9363,1950.41,5429.62
3,10,23,23.4336,1909.45,5406.46
3,10,23,0.304077,1909.45,5406.46
3,10,23,-23.4336,1909.45,5406.46
3,10,24,23.8717,1945.15,5532.6
3,10,24,-23.8717,1945.15,5532.6
3,10,24,23.375,1904.67,5507.5
3,10,24,-23.375,1904.67,5507.5
3,10,24,23.8717,1945.15,5479.32
3,10,24,0.305633,1945.15,5479.32
3,10,24,-23.8717,1945.15,5479.32
3,10,24,23.375,1904.67,5455.33
3,10,24,0.305633,1904.67,5455.33
3,10,24,-23.375,1904.67,5455.33
3,10,25,23.8057,1939.77,5583.1
3,10,25,-23.8057,1939.77,5583.1
3,10,25,23.315,1899.78,5557.19
3,10,25,-23.315,1899.78,5557.19
3,10,25,23.8057,1939.77,5529.29
3,10,25,0.307198,1939.77,5529.29
3,10,25,-23.8057,1939.77,5529.29
3,10,25,23.315,1899.78,5504.5
3,10,25,0.307198,1899.78,5504.5
3,10,25,-23.315,1899.78,5504.5
3,10,26,23.7384,1934.28,5633.91
3,10,26,-23.7384,1934.28,5633.91
3,10,26,23.2538,1894.79,5607.22
3,10,26,-23.2538,1894.79,5607.22
3,10,26,23.7384,1934.28,5579.56
3,10,26,0.308773,1934.28,5579.56
3,10,26,-23.7384,1934.28,5579.56
3,10,26,23.2538,1894.79,5553.98
3,10,26,0.308773,1894.79,5553.98
3,10,26,-23.2538,1894.79,5553.98
3,10,27,23.6699,1928.7,5685.06
3,10,27,-23.6699,1928.7,5685.06
3,10,27,23.1915,1889.72,5657.6
3,10,27,-23.1915,1889.72,5657.6
3,10,27,23.6699,1928.7,5630.15
3,10,27,0.310359,1928.7,5630.15
3,10,27,-23.6699,1928.7,5630.15
3,10,27,23.1915,1889.72,5603.8
3,10,27,0.310359,1889.72,5603.8
3,10,27,-23.1915,1889.72,5603.8
3,10,28,23.6003,1923.03,5736.57
3,10,28,-23.6003,1923.03,5736.57
3,10,28,23.1282,1884.56,5708.37
3,10,28,-23.1282,1884.56,5708.37
3,10,28,23.6003,1923.03,5681.07
3,10,28,0.311956,1923.03,5681.07
3,10,28,-23.6003,1923.03,5681.07
3,10,28,23.1282,1884.56,5653.98
3,10,28,0.311956,1884.56,5653.98
3,10,28,-23.1282,1884.56,5653.98
3,10,29,23.5298,1917.28,5788.47
3,10,29,-23.5298,1917.28,5788.47
3,10,29,23.0641,1879.34,5759.54
3,10,29,-23.0641,1879.34,5759.54
3,10,29,23.5298,1917.28,5732.36
3,10,29,0.313565,1917.28,5732.36
3,10,29,-23.5298,1917.28,5732.36
3,10,29,23.0641,1879.34,5704.53
3,10,29,0.313565,1879.34,5704.53
3,10,29,-23.0641,1879.34,5704.53
3,10,30,23.4584,1911.46,5840.78
3,10,30,-23.4584,1911.46,5840.78
3,10,30,22.9992,1874.05,5811.14
3,10,30,-22.9992,1874.05,5811.14
3,10,30,23.4584,1911.46,5784.03
3,10,30,0.315186,1911.46,5784.03
3,10,30,-23.4584,1911.46,5784.03
3,10,30,22.9992,1874.05,5755.5
3,10,30,0.315186,1874.05,5755.5
3,10,30,-22.9992,1874.05,5755.5
3,10,31,23.3862,1905.59,5893.52
3,10,31,-23.3862,1905.59,5893.52
3,10,31,22.9336,1868.7,5863.19
3,10,31,-22.9336,1868.7,5863.19
3,10,31,23.3862,1905.59,5836.11
3,10,31,0.316821,1905.59,5836.11
3,10,31,-23.3862,1905.59,5836.11
3,10,31,22.9336,1868.7,5806.89
3,10,31,0.316821,1868.7,5806.89
3,10,31,-22.9336,1868.7,5806.89
3,10,32,23.3135,1899.66,5946.72
3,10,32,-23.3135,1899.66,5946.72
3,10,32,22.8675,1863.31,5915.73
3,10,32,-22.8675,1863.31,5915.73
3,10,32,23.3135,1899.66,5888.62
3,10,32,0.318471,1899.66,5888.62
3,10,32,-23.3135,1899.66,5888.62
3,10,32,22.8675,1863.31,5858.74
3,10,32,0.318471,1863.31,5858.74
3,10,32,-22.8675,1863.31,5858.74
3,10,33,23.2402,1893.69,6000.41
3,10,33,-23.2402,1893.69,6000.41
3,10,33,22.8008,1857.89,5968.77
3,10,33,-22.8008,1857.89,5968.77
3,10,33,23.2402,1893.69,5941.6
3,10,33,0.320135,1893.69,5941.6
3,10,33,-23.2402,1893.69,5941.6
3,10,33,22.8008,1857.89,5911.07
3,10,33,0.320135,1857.89,5911.07
3,10,33,-22.8008,1857.89,5911.07
3,10,34,23.1665,1887.68,6054.62
3,10,34,-23.1665,1887.68,6054.62
3,10,34,22.7338,1852.43,6022.34
3,10,34,-22.7338,1852.43,6022.34
3,10,34,23.1665,1887.68,5995.07
3,10,34,0.321815,1887.68,5995.07
3,10,34,-23.1665,1887.68,5995.07
3,10,34,22.7338,1852.43,5963.91
3,10,34,0.321815,1852.43,5963.91
3,10,34,-22.7338,1852.43,5963.91
3,10,35,23.0925,1881.65,6109.36
3,10,35,-23.0925,1881.65,6109.36
3,10,35,22.6666,1846.94,6076.48
3,10,35,-22.6666,1846.94,6076.48
3,10,35,23.0925,1881.65,6049.05
3,10,35,0.323513,1881.65,6049.05
3,10,35,-23.0925,1881.65,6049.05
3,10,35,22.6666,1846.94,6017.28
3,10,35,0.323513,1846.94,6017.28
3,10,35,-22.6666,1846.94,6017.28
3,10,36,23.0182,1875.6,6164.68
3,10,36,-23.0182,1875.6,6164.68
3,10,36,22.5991,1841.44,6131.21
3,10,36,-22.5991,1841.44,6131.21
3,10,36,23.0182,1875.6,6103.58
3,10,36,0.325227,1875.6,6103.58
3,10,36,-23.0182,1875.6,6103.58
3,10,36,22.5991,1841.44,6071.22
3,10,36,0.325227,1841.44,6071.22
3,10,36,-22.5991,1841.44,6071.22
3,10,37,22.9439,1869.54,6220.6
3,10,37,-22.9439,1869.54,6220.6
3,10,37,22.5314,1835.93,6186.56
3,10,37,-22.5314,1835.93,6186.56
3,10,37,22.9439,1869.54,6158.68
3,10,37,0.326961,1869.54,6158.68
3,10,37,-22.9439,1869.54,6158.68
3,10,37,22.5314,1835.93,6125.75
3,10,37,0.326961,1835.93,6125.75
3,10,37,-22.5314,1835.93,6125.75
3,10,38,22.8694,1863.47,6277.16
3,10,38,-22.8694,1863.47,6277.16
3,10,38,22.4638,1830.42,6242.56
3,10,38,-22.4638,1830.42,6242.56
3,10,38,22.8694,1863.47,6214.39
3,10,38,0.328714,1863.47,6214.39
3,10,38,-22.8694,1863.47,6214.39
3,10,38,22.4638,1830.42,6180.9
3,10,38,0.328714,1830.42,6180.9
3,10,38,-22.4638,1830.42,6180.9
3,10,39,22.795,1857.41,6334.37
3,10,39,-22.795,1857.41,6334.37
3,10,39,22.3961,1824.91,6299.24
3,10,39,-22.3961,1824.91,6299.24
3,10,39,22.795,1857.41,6270.73
3,10,39,0.330488,1857.41,6270.73
3,10,39,-22.795,1857.41,6270.73
3,10,39,22.3961,1824.91,6236.71
3,10,39,0.330488,1824.91,6236.71
3,10,39,-22.3961,1824.91,6236.71
3,10,40,22.7207,1851.36,6392.28
3,10,40,-22.7207,1851.36,6392.28
3,10,40,22.3286,1819.41,6356.63
3,10,40,-22.3286,1819.41,6356.63
3,10,40,22.7207,1851.36,6327.74
3,10,40,0.332283,1851.36,6327.74
3,10,40,-22.7207,1851.36,6327.74
3,10,40,22.3286,1819.41,6293.2
3,10,40,0.332283,1819.41,6293.2
3,10,40,-22.3286,1819.41,6293.2
3,10,41,22.6466,1845.32,6450.92
3,10,41,-22.6466,1845.32,6450.92
3,10,41,22.2612,1813.92,6414.76
3,10,41,-22.2612,1813.92,6414.76
3,10,41,22.6466,1845.32,6385.45
3,10,41,0.334101,1845.32,6385.45
3,10,41,-22.6466,1845.32,6385.45
3,10,41,22.2612,1813.92,6350.41
3,10,41,0.334101,1813.92,6350.41
3,10,41,-22.2612,1813.92,6350.41
3,10,42,22.5728,1839.3,6510.31
3,10,42,-22.5728,1839.3,6510.31
3,10,42,22.1941,1808.45,6473.68
3,10,42,-22.1941,1808.45,6473.68
3,10,42,22.5728,1839.3,6443.89
3,10,42,0.335942,1839.3,6443.89
3,10,42,-22.5728,1839.3,6443.89
3,10,42,22.1941,1808.45,6408.36
3,10,42,0.335942,1808.45,6408.36
3,10,42,-22.1941,1808.45,6408.36
3,10,43,22.4992,1833.31,6570.5
3,10,43,-22.4992,1833.31,6570.5
3,10,43,22.1272,1803,6533.4
3,10,43,-22.1272,1803,6533.4
3,10,43,22.4992,1833.31,6503.09
3,10,43,0.337808,1833.31,6503.09
3,10,43,-22.4992,1833.31,6503.09
3,10,43,22.1272,1803,6467.1
3,10,43,0.337808,1803,6467.1
3,10,43,-22.1272,1803,6467.1
3,10,44,22.4261,1827.35,6631.52
3,10,44,-22.4261,1827.35,6631.52
3,10,44,22.0607,1797.58,6593.97
3,10,44,-22.0607,1797.58,6593.97
3,10,44,22.4261,1827.35,6563.09
3,10,44,0.339699,1827.35,6563.09
3,10,44,-22.4261,1827.35,6563.09
3,10,44,22.0607,1797.58,6526.65
3,10,44,0.339699,1797.58,6526.65
3,10,44,-22.0607,1797.58,6526.65
3,10,45,22.3534,1821.43,6693.4
3,10,45,-22.3534,1821.43,6693.4
3,10,45,21.9946,1792.19,6655.42
3,10,45,-21.9946,1792.19,6655.42
3,10,45,22.3534,1821.43,6623.92
3,10,45,0.341618,1821.43,6623.92
3,10,45,-22.3534,1821.43,6623.92
3,10,45,21.9946,1792.19,6587.04
3,10,45,0.341618,1792.19,6587.04
3,10,45,-21.9946,1792.19,6587.04
3,10,46,22.2812,1815.54,6756.18
3,10,46,-22.2812,1815.54,6756.18
3,10,46,21.929,1786.84,6717.78
3,10,46,-21.929,1786.84,6717.78
3,10,46,22.2812,1815.54,6685.61
3,10,46,0.343564,1815.54,6685.61
3,10,46,-22.2812,1815.54,6685.61
3,10,46,21.929,1786.84,6648.32
3,10,46,0.343564,1786.84,6648.32
3,10,46,-21.929,1786.84,6648.32
3,10,47,22.2095,1809.7,6819.9
3,10,47,-22.2095,1809.7,6819.9
3,10,47,21.8638,1781.54,6781.09
3,10,47,-21.8638,1781.54,6781.09
3,10,47,22.2095,1809.7,6748.21
3,10,47,0.345539,1809.7,6748.21
3,10,47,-22.2095,1809.7,6748.21
3,10,47,21.8638,1781.54,6710.52
3,10,47,0.345539,1781.54,6710.52
3,10,47,-21.8638,1781.54,6710.52
3,10,48,22.1384,1803.91,6884.58
3,10,48,-22.1384,1803.91,6884.58
3,10,48,21.7992,1776.27,6845.39
3,10,48,-21.7992,1776.27,6845.39
3,10,48,22.1384,1803.91,6811.75
3,10,48,0.347544,1803.91,6811.75
3,10,48,-22.1384,1803.91,6811.75
3,10,48,21.7992,1776.27,6773.67
3,10,48,0.347544,1776.27,6773.67
3,10,48,-21.7992,1776.27,6773.67
3,10,49,22.068,1798.17,6950.28
3,10,49,-22.068,1798.17,6950.28
3,10,49,21.7352,1771.05,6910.71
3,10,49,-21.7352,1771.05,6910.71
3,10,49,22.068,1798.17,6876.27
3,10,49,0.349581,1798.17,6876.27
3,10,49,-22.068,1798.17,6876.27
3,10,49,21.7352,1771.05,6837.81
3,10,49,0.349581,1771.05,6837.81
3,10,49,-21.7352,1771.05,6837.81
3,10,50,21.9982,1792.48,7017.02
3,10,50,-21.9982,1792.48,7017.02
3,10,50,21.6717,1765.88,6977.1
3,10,50,-21.6717,1765.88,6977.1
3,10,50,21.9982,1792.48,6941.8
3,10,50,0.35165,1792.48,6941.8
3,10,50,-21.9982,1792.48,6941.8
3,10,50,21.6717,1765.88,6902.98
3,10,50,0.35165,1765.88,6902.98
3,10,50,-21.6717,1765.88,6902.98
3,10,51,21.9291,1786.86,7084.85
3,10,51,-21.9291,1786.86,7084.85
3,10,51,21.609,1760.77,7044.58
3,10,51,-21.609,1760.77,7044.58
3,10,51,21.9291,1786.86,7008.38
3,10,51,0.353753,1786.86,7008.38
3,10,51,-21.9291,1786.86,7008.38
3,10,51,21.609,1760.77,6969.22
3,10,51,0.353753,1760.77,6969.22
3,10,51,-21.609,1760.77,6969.22
3,10,52,21.8608,1781.29,7153.81
3,10,52,-21.8608,1781.29,7153.81
3,10,52,21.5468,1755.71,7113.21
3,10,52,-21.5468,1755.71,7113.21
3,10,52,21.8608,1781.29,7076.05
3,10,52,0.35589,1781.29,7076.05
3,10,52,-21.8608,1781.29,7076.05
3,10,52,21.5468,1755.71,7036.56
3,10,52,0.35589,1755.71,7036.56
3,10,52,-21.5468,1755.71,7036.56
3,10,53,21.7933,1775.79,7223.94
3,10,53,-21.7933,1775.79,7223.94
3,10,53,21.4854,1750.7,7183.01
3,10,53,-21.4854,1750.7,7183.01
3,10,53,21.7933,1775.79,7144.85
3,10,53,0.358064,1775.79,7144.85
3,10,53,-21.7933,1775.79,7144.85
3,10,53,21.4854,1750.7,7105.04
3,10,53,0.358064,1750.7,7105.04
3,10,53,-21.4854,1750.7,7105.04
3,10,54,21.7265,1770.35,7295.27
3,10,54,-21.7265,1770.35,7295.27
3,10,54,21.4248,1745.76,7254.04
3,10,54,-21.4248,1745.76,7254.04
3,10,54,21.7265,1770.35,7214.82
3,10,54,0.360275,1770.35,7214.82
3,10,54,-21.7265,1770.35,7214.82
3,10,54,21.4248,1745.76,7174.71
3,10,54,0.360275,1745.76,7174.71
3,10,54,-21.4248,1745.76,7174.71
3,10,55,21.6606,1764.98,7367.85
3,10,55,-21.6606,1764.98,7367.85
3,10,55,21.3649,1740.88,7326.32
3,10,55,-21.3649,1740.88,7326.32
3,10,55,21.6606,1764.98,7286.01
3,10,55,0.362526,1764.98,7286.01
3,10,55,-21.6606,1764.98,7286.01
3,10,55,21.3649,1740.88,7245.6
3,10,55,0.362526,1740.88,7245.6
3,10,55,-21.3649,1740.88,7245.6
3,10,56,21.5956,1759.68,7441.72
3,10,56,-21.5956,1759.68,7441.72
3,10,56,21.3057,1736.06,7399.91
3,10,56,-21.3057,1736.06,7399.91
3,10,56,21.5956,1759.68,7358.45
3,10,56,0.364816,1759.68,7358.45
3,10,56,-21.5956,1759.68,7358.45
3,10,56,21.3057,1736.06,7317.75
3,10,56,0.364816,1736.06,7317.75
3,10,56,-21.3057,1736.06,7317.75
3,10,57,21.5314,1754.45,7516.93
3,10,57,-21.5314,1754.45,7516.93
3,10,57,21.2474,1731.3,7474.84
3,10,57,-21.2474,1731.3,7474.84
3,10,57,21.5314,1754.45,7432.18
3,10,57,0.367147,1754.45,7432.18
3,10,57,-21.5314,1754.45,7432.18
3,10,57,21.2474,1731.3,7391.21
3,10,57,0.367147,1731.3,7391.21
3,10,57,-21.2474,1731.3,7391.21
3,10,58,21.4681,1749.29,7593.51
3,10,58,-21.4681,1749.29,7593.51
3,10,58,21.1898,1726.61,7551.17
3,10,58,-21.1898,1726.61,7551.17
3,10,58,21.4681,1749.29,7507.25
3,10,58,0.369521,1749.29,7507.25
3,10,58,-21.4681,1749.29,7507.25
3,10,58,21.1898,1726.61,7466.02
3,10,58,0.369521,1726.61,7466.02
3,10,58,-21.1898,1726.61,7466.02
3,10,59,21.4056,1744.2,7671.52
3,10,59,-21.4056,1744.2,7671.52
3,10,59,21.1331,1721.99,7628.93
3,10,59,-21.1331,1721.99,7628.93
3,10,59,21.4056,1744.2,7583.7
3,10,59,0.371939,1744.2,7583.7
3,10,59,-21.4056,1744.2,7583.7
3,10,59,21.1331,1721.99,7542.22
3,10,59,0.371939,1721.99,7542.22
3,10,59,-21.1331,1721.99,7542.22
3,10,60,21.3442,1739.19,7751
3,10,60,-21.3442,1739.19,7751
3,10,60,21.0772,1717.44,7708.16
3,10,60,-21.0772,1717.44,7708.16
3,10,60,21.3442,1739.19,7661.58
3,10,60,0.374403,1739.19,7661.58
3,10,60,-21.3442,1739.19,7661.58
3,10,60,21.0772,1717.44,7619.86
3,10,60,0.374403,1717.44,7619.86
3,10,60,-21.0772,1717.44,7619.86
3,10,61,21.2836,1734.26,7831.99
3,10,61,-21.2836,1734.26,7831.99
3,10,61,21.0221,1712.95,7788.92
3,10,61,-21.0221,1712.95,7788.92
3,10,61,21.2836,1734.26,7740.94
3,10,61,0.376914,1734.26,7740.94
3,10,61,-21.2836,1734.26,7740.94
3,10,61,21.0221,1712.95,7698.98
3,10,61,0.376914,1712.95,7698.98
3,10,61,-21.0221,1712.95,7698.98
3,10,62,21.2239,1729.4,7914.54
3,10,62,-21.2239,1729.4,7914.54
3,10,62,20.9679,1708.53,7871.26
3,10,62,-20.9679,1708.53,7871.26
3,10,62,21.2239,1729.4,7821.81
3,10,62,0.379473,1729.4,7821.81
3,10,62,-21.2239,1729.4,7821.81
3,10,62,20.9679,1708.53,7779.63
3,10,62,0.379473,1708.53,7779.63
3,10,62,-20.9679,1708.53,7779.63
3,10,63,21.1652,1724.61,7998.71
3,10,63,-21.1652,1724.61,7998.71
3,10,63,20.9145,1704.18,7955.21
3,10,63,-20.9145,1704.18,7955.21
3,10,63,21.1652,1724.61,7904.24
3,10,63,0.382082,1724.61,7904.24
3,10,63,-21.1652,1724.61,7904.24
3,10,63,20.9145,1704.18,7861.86
3,10,63,0.382082,1704.18,7861.86
3,10,63,-20.9145,1704.18,7861.86